,0,1
0,4차,40
1,산업혁명,34
2,기업,29
3,개최,18
4,세계,17
5,일자리,17
6,글로벌,16
7,대학,16
8,혁신,15
9,시대,14
10,교육,13
11,시장,12
12,중국,11
13,기술,10
14,반도체,10
15,사업,10
16,미래,10
17,정부,10
18,인재,10
19,로봇,10
20,투자…,9
21,국내,9
22,양성,9
23,한국,9
24,고객,9
25,5G,9
26,지원,8
27,스마트,8
28,서비스,8
29,우리,8
30,4차산업혁명,7
31,개발,7
32,전략,7
33,경제,7
34,인공지능,7
35,규제,7
36,창업,7
37,스마트시티,7
38,산업,6
39,최대,6
40,스타트업,6
41,과학,6
42,교육여행,6
43,펀드,6
44,혁신성장,6
45,삼성,6
46,해외,6
47,원전,6
48,적극,5
49,1년,5
50,블록체,5
51,매출,5
52,청년,5
53,취업,5
54,처리,5
55,변화,5
56,청소년,5
57,맞춤형,5
58,분석,5
59,연구소,5
60,도쿄,5
61,접목,5
62,정책,5
63,올해,5
64,시대…,5
65,일본,5
66,실리콘밸리,5
67,가치,5
68,회장,5
69,경영,5
70,능력,5
71,사장,5
72,성적표,4
73,주도,4
74,기회,4
75,10,4
76,R&D,4
77,분야,4
78,확대,4
79,세미나,4
80,총장,4
81,中企,4
82,도약,4
83,최초,4
84,자동차,4
85,전문,4
86,오늘,4
87,유망,4
88,신설,4
89,시간,4
90,모집,4
91,이유,4
92,2020년,4
93,앞장,4
94,경쟁력,4
95,성공,4
96,융합,4
97,하반기,4
98,전쟁,4
99,1위,4
100,국회,4
101,미국,4
102,주목,4
103,대비,4
104,도입,4
105,제조업,4
106,사람,4
107,제품,4
108,선도,3
109,중심,3
110,자율차,3
111,집중,3
112,5대,3
113,토론회,3
114,규모,3
115,4대,3
116,융합인재,3
117,문제,3
118,데이터,3
119,"중국,",3
120,핵심,3
121,카풀,3
122,에너지,3
123,트렌드,3
124,공동,3
125,게놈,3
126,투자,3
127,진출,3
128,대표,3
129,가격,3
130,변신,3
131,적용,3
132,유럽,3
133,국민,3
134,2022년,3
135,1100억원,3
136,벤처,3
137,경쟁,3
138,최고,3
139,조성,3
140,시설,3
141,가동,3
142,무료,3
143,논설위원,3
144,협력,3
145,2018,3
146,강화…,3
147,수학,3
148,삼성전자,3
149,필요,3
150,수능,3
151,인생,3
152,文대통령,3
153,유치,3
154,생산,3
155,워크숍,3
156,다양한,3
157,관련,3
158,활용,3
159,환경,3
160,제공,3
161,목표,3
162,"""한국",3
163,드론,3
164,6개월,3
165,창출,3
166,과학기술,3
167,재계,3
168,인간,3
169,비결,3
170,선정,3
171,공략,3
172,브랜드,3
173,중요,3
174,사회적,3
175,블록체인,3
176,돌파,3
177,강화,3
178,현장,3
179,부문,3
180,가상화폐,3
181,이번,3
182,오픈,2
183,추진,2
184,정상,2
185,이상,2
186,화재,2
187,진압…,2
188,내달,2
189,고도화,2
190,단계,2
191,코딩,2
192,3년,2
193,25兆,2
194,23兆,2
195,특성,2
196,中·日,2
197,에너지산업,2
198,파괴,2
199,디지털,2
200,등장,2
201,국가대표,2
202,콘퍼런스,2
203,아이들,2
204,작년,2
205,국제,2
206,학술,2
207,견학…,2
208,5기,2
209,전공,2
210,개설,2
211,학교,2
212,학위,2
213,열풍,2
214,장관,2
215,부총리,2
216,선거,2
217,20년,2
218,통신사,2
219,10년,2
220,교육부,2
221,후보,2
222,자율,2
223,성장,2
224,경고음,2
225,노조,2
226,배터리,2
227,90,2
228,공유,2
229,조성…,2
230,사고방식,2
231,시민,2
232,단체,2
233,"스마트폰,",2
234,대기업,2
235,대통령,2
236,수업,2
237,간판,2
238,계획,2
239,혜택,2
240,돼지,2
241,3D,2
242,출시,2
243,비중,2
244,4년제,2
245,단국대학교,2
246,주식,2
247,100조원,2
248,조직,2
249,안녕,2
250,해소,2
251,발굴,2
252,우수,2
253,네트워크…,2
254,창의성,2
255,취급,2
256,화웨,2
257,장비,2
258,배제,2
259,발전,2
260,창의력,2
261,디스플레이,2
262,현실,2
263,상상,2
264,정보통신기술,2
265,문화,2
266,구축,2
267,당신,2
268,장병규,2
269,위원장,2
270,이사장,2
271,前정부,2
272,머리,2
273,의료,2
274,격차,2
275,전체,2
276,세상,2
277,내년,2
278,연구,2
279,1조원,2
280,지방,2
281,김병준,2
282,은행,2
283,스마트폰,2
284,허태정,2
285,이재용,2
286,역주행,2
287,신기술,2
288,연내,2
289,불확실성,2
290,전력,2
291,'3S,2
292,융합형,2
293,인도,2
294,신한은행,2
295,매장,2
296,불안,2
297,회사,2
298,배출,2
299,후진국,2
300,수출,2
301,커져…,2
302,콘텐츠,2
303,약속,2
304,기적,2
305,(6·끝),2
306,수퍼컴퓨터,2
307,변신…,2
308,과정,2
309,컴퓨터,2
310,최고위,2
311,방안,2
312,52시간,2
313,5兆,2
314,1500명,2
315,먹거리,2
316,예측,2
317,이동통신,2
318,급등,2
319,동아리,2
320,포럼,2
321,자녀교육법,2
322,브런치에듀',2
323,농업,2
324,소득,2
325,특화,2
326,美·中,2
327,1위…,2
328,허용,2
329,지원…,2
330,프로젝트,2
331,이대,2
332,전환,2
333,실시간,2
334,학습,2
335,운영,2
336,8명,2
337,출신,2
338,객관적,2
339,학업,2
340,마케팅,2
341,동물,2
342,준비,2
343,50,2
344,질주,2
345,도전,2
346,2만원,2
347,까닭,2
348,전국,2
349,유용,2
350,청소,2
351,황창규,2
352,탄탄,2
353,국방,2
354,대표이사,2
355,국제사립학교,2
356,생산성,2
357,서울연구원,2
358,심포지엄,2
359,개발…,2
360,막걸리,2
361,코리아텍,2
362,토론,2
363,4년,2
364,차별화,2
365,증대,2
366,국회도서관,2
367,창사,2
368,이래,2
369,봄방학,2
370,실리콘,2
371,5개,2
372,영업이익,2
373,호황,2
374,설계,2
375,수요,2
376,시범도시,2
377,차세대,2
378,가동률,2
379,외면,1
380,택시,1
381,업계,1
382,투쟁,1
383,진보진영,1
384,글자,1
385,바이오·화장품뷰티·태양광,1
386,6대,1
387,성장산업,1
388,육성…,1
389,출범,1
390,4차산업혁명위,1
391,초라,1
392,국가,1
393,강호축,1
394,대책,1
395,마련해,1
396,허브',1
397,선언…,1
398,대한민국,1
399,플랫폼·소프트웨,1
400,마지막,1
401,유통·화학,1
402,50兆,1
403,이노베이션,1
404,센서,1
405,한번,1
406,복귀,1
407,"힘들어""…",1
408,사활,1
409,반도체·에너,1
410,신산업·헬스케,1
411,중점,1
412,80兆,1
413,고온,1
414,1초,1
415,홍채·얼굴,1
416,인식,1
417,용의,1
418,탐지…,1
419,7번,1
420,연구센터(캐나다,1
421,몬트리올),1
422,열어…,1
423,차량용,1
424,한국지방행정연구원,1
425,양우석,1
426,홍익대,1
427,프로그램,1
428,인재들,1
429,매칭,1
430,1일,1
431,기계설비,1
432,산업발전,1
433,능력…,1
434,전기車,1
435,모색,1
436,한국경제,1
437,에너지源,1
438,제3판교테크노밸리,1
439,그린벨트,1
440,토지…,1
441,地價,1
442,상승,1
443,기대,1
444,게임,1
445,흥미,1
446,유발…,1
447,AI·5G,1
448,미래사업,1
449,그것,1
450,命運,1
451,첨병,1
452,프라임사업,1
453,3년차…,1
454,교육환경·인프라,1
455,참여기업,1
456,수립,1
457,컨설팅,1
458,동시,1
459,진행,1
460,수소경제사회…,1
461,저장·운송,1
462,사고기록,1
463,사이언티스트',1
464,조선일보,1
465,컨퍼런스,1
466,'빅데이터,1
467,비즈니스,1
468,분산,1
469,LG유플러스,1
470,유필계,1
471,부사장,1
472,"TMD(토우티아오,",1
473,"메이퇀디엔핑,",1
474,디디추싱)…,1
475,드래곤,1
476,특성화高,1
477,명찰,1
478,신입생,1
479,여대,1
480,편견·남녀,1
481,선호도,1
482,'뚝'…,1
483,위기,1
484,"女大,",1
485,해법,1
486,제이크,1
487,가니메드,1
488,임페리얼칼리지런던,1
489,국제모집,1
490,담당자,1
491,서강대,1
492,지식융합미디어학부·삼육대,1
493,글로벌한국학,1
494,방치…,1
495,택시기사,1
496,거리,1
497,물산업규모,1
498,800조원,1
499,반도체·조선업,1
500,갯가재,1
501,온몸,1
502,과학…,1
503,골격,1
504,항공기,1
505,응용,1
506,침전,1
507,초대,1
508,3만6000명,1
509,채용,1
510,7만명,1
511,BIXPO…,1
512,신기술·최,1
513,교류,1
514,확산,1
515,한국국제정치학회·국방대,1
516,안보,1
517,건국대,1
518,부동산대학원,1
519,프롭테크',1
520,인증,1
521,가능…,1
522,글쓰기,1
523,매력,1
524,전교생,1
525,핀테크,1
526,섹터,1
527,장기적,1
528,수익,1
529,추구,1
530,임명,1
531,강행,1
532,자리,1
533,감투,1
534,"휘청,",1
535,최악,1
536,주차장·드론,1
537,경비…,1
538,보안,1
539,北경제,1
540,하자…,1
541,北간부,1
542,여명거리,1
543,부적격,1
544,근본적,1
545,주행,1
546,자문·암호,1
547,화폐,1
548,대형,1
549,"로펌들,",1
550,리걸테크,1
551,세대교체…,1
552,父子,1
553,승계,1
554,변호사들,1
555,강원·충청·호남,1
556,연결,1
557,강호축…,1
558,국가발전,1
559,아젠다,1
560,버팀목,1
561,급락,1
562,100년,1
563,그룹,1
564,전반,1
565,창조적,1
566,기술혁명,1
567,동참,1
568,헝가리,1
569,전기차,1
570,공장…,1
571,공급,1
572,정전,1
573,복구,1
574,24시간,1
575,긴급출동…,1
576,실업,1
577,돌파구…,1
578,커리큘럼,1
579,변경,1
580,도시가스,1
581,보급률,1
582,이상으로…,1
583,5만개,1
584,"발굴""…",1
585,직업교육,1
586,출자해,1
587,1980년대,1
588,좌절,1
589,추월,1
590,다음,1
591,차례,1
592,편리,1
593,유전자,1
594,동경대·와세다대,1
595,탐방…,1
596,로봇산업,1
597,2년뒤,1
598,따라잡혀…,1
599,소재,1
600,국산화해,1
601,'마곡밸리',1
602,구광모,1
603,금요일,1
604,규제혁신,1
605,시스템,1
606,인력난,1
607,유일,1
608,공간정보교육…,1
609,교육생,1
610,80,1
611,슈퍼주니어,1
612,조코위,1
613,民官,1
614,한팀,1
615,판에…,1
616,"패싱""",1
617,서브원,1
618,공유오피스…,1
619,호텔,1
620,토론식,1
621,논술형,1
622,시험…,1
623,바칼로레아)실험,1
624,세븐일레븐,1
625,쇄국정책,1
626,대원군,1
627,자기,1
628,생각…,1
629,참가자,1
630,政權,1
631,도시,1
632,가전쇼,1
633,어딜,1
634,소리는…,1
635,오케이,1
636,"구글""",1
637,'송도바이오과',1
638,원서접수,1
639,1+1,1
640,부담,1
641,논술,1
642,추세인데…,1
643,"코리아텍,",1
644,논술전형,1
645,28.8,1
646,학과·전형,1
647,3개,1
648,접수,1
649,가능,1
650,AI·5G·전장,1
651,25조,1
652,아이디어,1
653,프린팅,1
654,마스크팩,1
655,선점,1
656,수시모집,1
657,역대,1
658,198개,1
659,76.2,1
660,선발,1
661,3가지,1
662,대안,1
663,제시,1
664,광운대학교,1
665,설비투자,1
666,53,1
667,메모리,1
668,삼육대학교,1
669,빅데이터,1
670,협약…,1
671,금융,1
672,결제로봇,1
673,'브니',1
674,미스매칭,1
675,中企현장,1
676,직업,1
677,공장관리…,1
678,팩토리,1
679,新성장동력,1
680,최첨단,1
681,가속…,1
682,폭력·화재,1
683,예방,1
684,뿐아니라,1
685,의료서비스,1
686,공지,1
687,500명,1
688,교토,1
689,예술,1
690,자신감·창의력,1
691,'쑥쑥',1
692,'적폐',1
693,생활,1
694,뭔가,1
695,통신보안,1
696,"뚫릴라""",1
697,폐목재,1
698,'바이오부탄올'…,1
699,상용화,1
700,검증,1
701,초전도,1
702,케이블·마이크,1
703,그리드,1
704,주력…,1
705,태양광,1
706,光州,1
707,과학기술원,1
708,양면,1
709,구동용,1
710,플렉서블,1
711,회로기판,1
712,증강,1
713,화장,1
714,피부,1
715,아무,1
716,시도,1
717,방식,1
718,루키들,1
719,이야기,1
720,연세대,1
721,자산관리,1
722,최고위과정,1
723,예술·IT,1
724,창의적,1
725,그늘,1
726,건전한,1
727,아이덴티티,1
728,대상,1
729,가디언즈,1
730,해킹캠프…,1
731,정보보안,1
732,박정훈,1
733,4차산업위원회,1
734,이상직,1
735,중진공,1
736,"""폴리텍대학",1
737,운명,1
738,걸고…,1
739,삼성전자·화웨,1
740,최저임금,1
741,인상후,1
742,자영업,1
743,12,1
744,줄어…,1
745,폐업,1
746,100만명,1
747,연말,1
748,고용,1
749,파국에…,1
750,4대강,1
751,때문,1
752,대비안한,1
753,이화,1
754,미래인사포럼,1
755,싱글,1
756,사랑,1
757,LGU+,1
758,프로,1
759,부산,1
760,놀이터,1
761,재학생,1
762,의무,1
763,역량,1
764,소프트파워,1
765,육성,1
766,팀원,1
767,'재밌,1
768,풀이…,1
769,중요성,1
770,대비하려면…,1
771,지식,1
772,두뇌,1
773,용량,1
774,견학,1
775,전자·바이오,1
776,1.5년,1
777,1년…,1
778,韓中,1
779,"""한국표준",1
780,국제표준,1
781,상장사,1
782,순익,1
783,마이너스,1
784,7.,1
785,3%라,1
786,내각,1
787,군림,1
788,청와대…,1
789,헌법,1
790,위반,1
791,차원,1
792,비판,1
793,요람,1
794,스타,1
795,인문학,1
796,전공자,1
797,어딨어,1
798,303,1
799,족보,1
800,빅데이터·AI·수소경제,1
801,1조5000억원,1
802,미래기술,1
803,脫원전,1
804,상반기,1
805,정권,1
806,책임,1
807,해양산업,1
808,중추,1
809,손정의처럼…,1
810,이재,1
811,초대형,1
812,해외투자,1
813,사립,1
814,과학관,1
815,산실,1
816,銀産분리,1
817,완화,1
818,전환해,1
819,조광한,1
820,남양주시장,1
821,동네,1
822,가게들,1
823,공동건물主,1
824,돕는다면…,1
825,'美·인,1
826,구상,1
827,회의,1
828,티셔츠,1
829,"어떠냐""…",1
830,한국당',1
831,1등,1
832,100兆…,1
833,미래사업(AI·5G통신·바이오·차량용,1
834,전자장비,1
835,선언,1
836,(17·끝),1
837,대전시장,1
838,복지委,1
839,범여권(민주·정의·평화당),1
840,11명,1
841,전원,1
842,원격의료,1
843,유보,1
844,16,1
845,송하진,1
846,전북지사,1
847,육아휴직자,1
848,복직,1
849,1년치,1
850,인건비,1
851,세액공제,1
852,패키지,1
853,부회장,1
854,"""한국교육,",1
855,평준화·획일화,1
856,트렌드·신사업,1
857,최신,1
858,경영교육,1
859,강의실,1
860,독려,1
861,과학기술계,1
862,2022,1
863,개편안,1
864,과학·수학,1
865,홀대…,1
866,전면,1
867,재검토,1
868,공간,1
869,마음가짐…,1
870,“내,1
871,가치관,1
872,찾아왔다”,1
873,강정,1
874,코리,1
875,댕길,1
876,"왜곡""…",1
877,발언,1
878,사실,1
879,의존,1
880,지적,1
881,왜곡,1
882,"와이제이엠게임즈,",1
883,마이타운,1
884,출시…,1
885,"티센크루프,",1
886,트윈,1
887,국산화,1
888,11,1
889,이철우,1
890,경북지사,1
891,경제…,1
892,지속적,1
893,"창출하길""",1
894,막무가내,1
895,KU융합과학기술원,1
896,설립·소프트웨,1
897,교육혁신,1
898,"한국에,",1
899,수학인재,1
900,"찰떡궁합""",1
901,"돈스코이,",1
902,보물선,1
903,고물선,1
904,이시종,1
905,충북지사,1
906,우리경제,1
907,근본처방,1
908,깨끗,1
909,한반,1
910,평화,1
911,관광,1
912,외국,1
913,건…,1
914,화웨이,1
915,'R&D,1
916,늑대,1
917,8만명,1
918,점수制,1
919,18세,1
920,유물,1
921,170개,1
922,명문,1
923,김상조,1
924,인터뷰,1
925,못담,1
926,"""북한",1
927,美비난,1
928,협상,1
929,안철수,1
930,독일行,1
931,성찰,1
932,移植(이식)해야,1
933,초조,1
934,부동산·4차,1
935,"세개(일자리·투자,",1
936,동반성장,1
937,생태계,1
938,화살,1
939,김대리,1
940,강아지,1
941,간다,1
942,휴대폰,1
943,친필,1
944,상품,1
945,철저,1
946,회계,1
947,구분,1
948,오해,1
949,월성,1
950,1호,1
951,폐쇄,1
952,고발하다…,1
953,이은철,1
954,원자력안전위원장,1
955,성장동력,1
956,블록체인코리,1
957,反기업,1
958,위축,1
959,중견기업,1
960,오너,1
961,"현대글로비스,",1
962,종합물류연구소,1
963,세미나…,1
964,MS·아마존,1
965,임원,1
966,강연,1
967,'넛,1
968,크래커'(선진국엔,1
969,상황,1
970,신세,1
971,대덕연구개발특구,1
972,리노베이션,1
973,추진…,1
974,800개,1
975,목표…,1
976,5만3900개,1
977,한방울,1
978,석유,1
979,효자,1
980,미래산업,1
981,"협력·상생해야""",1
982,4차산업,1
983,돕다보,1
984,"삼성SDI,",1
985,창립,1
986,48주년,1
987,기념,1
988,자원봉사,1
989,부동산,1
990,박람회,1
991,술기,1
992,교육·연구,1
993,기적…,1
994,인도네시아,1
995,니켈,1
996,1兆,1
997,쓰나미급,1
998,대처,1
999,무기,1
1000,논쟁,1
1001,촉발…,1
1002,김정호,1
1003,국방AI융합연구센터장·카이스트,1
1004,교수,1
1005,플랜트…,1
1006,계속,1
1007,살아남는다…,1
1008,통신사들,1
1009,"않겠지만…""",1
1010,"""화웨이,",1
1011,5G용,1
1012,칩셋·스마트폰,1
1013,"상용화하겠다""",1
1014,참사,1
1015,발생,1
1016,태양광·전력기업,1
1017,'에너지밸리'…,1
1018,3만명,1
1019,청년해외개척단,1
1020,농식품기업,1
1021,해외마케팅,1
1022,크루그먼,1
1023,중진국,1
1024,"함정에""…",1
1025,김광두,1
1026,양극화,1
1027,심화,1
1028,수퍼컴,1
1029,보유…,1
1030,206대,1
1031,124대,1
1032,야간비행,1
1033,허가,1
1034,90일,1
1035,이런데,1
1036,동문,1
1037,창업기업,1
1038,1456개,1
1039,3만2000명,1
1040,고용창출,1
1041,13조6000억,1
1042,특허출원,1
1043,1400건,1
1044,카드,1
1045,실용,1
1046,재무통,1
1047,박정원,1
1048,두산,1
1049,4차혁명,1
1050,후계자·20~30대,1
1051,예비,1
1052,경영자,1
1053,사용,1
1054,3차원,1
1055,실내,1
1056,제작,1
1057,상용화…,1
1058,선박,1
1059,국제금융기구,1
1060,임원들,1
1061,상징,1
1062,111년,1
1063,다우지수,1
1064,이진석,1
1065,한국경제학회,1
1066,여성회장,1
1067,이인실,1
1068,유예,1
1069,채용…,1
1070,톱5',1
1071,화학회사,1
1072,여수,1
1073,2兆,1
1074,올레핀,1
1075,굴뚝산업,1
1076,보완,1
1077,입법,1
1078,안하,1
1079,주도권,1
1080,5세대,1
1081,통신,1
1082,원자력,1
1083,"적폐인가,",1
1084,전기차·AI·사물인터넷,1
1085,295,1
1086,전문가,1
1087,5G(5세대,1
1088,광역단체장,1
1089,공약,1
1090,205兆…,1
1091,예산,1
1092,절반,1
1093,자본시장,1
1094,3대,1
1095,부작용,1
1096,교육감,1
1097,무효표,1
1098,100만표,1
1099,경총,1
1100,의료산업,1
1101,37만개,1
1102,"디엔에이링크,",1
1103,유해송환,1
1104,합의,1
1105,SW·빅데이터,1
1106,분석해,1
1107,설동호,1
1108,대전교육감,1
1109,당선자,1
1110,'딥딥딥딥러닝',1
1111,'땡큐베리파이',1
1112,테크놀로지,1
1113,스터디,1
1114,장애,1
1115,지도,1
1116,탈환,1
1117,기수,1
1118,工大,1
1119,유리…,1
1120,대학들,1
1121,약진,1
1122,어디,1
1123,긁을지…,1
1124,현대카드,1
1125,평양,1
1126,뒤풀이…,1
1127,총수,1
1128,대부분,1
1129,불참,1
1130,청년들이,1
1131,귀농,1
1132,農者三樂,1
1133,293,1
1134,기계,1
1135,南北,1
1136,해킹·전염병·미세먼지,1
1137,新안보,1
1138,협력해,1
1139,소득주,1
1140,한국계,1
1141,간부,1
1142,경청,1
1143,리더십,1
1144,소리,1
1145,출석,1
1146,체크,1
1147,"""지역·세대,",1
1148,보수·진보,1
1149,다양성,1
1150,공평,1
1151,심사,1
1152,통일사업,1
1153,국제적,1
1154,"확산""…",1
1155,해외연구,1
1156,주식형,1
1157,이제서야…,1
1158,횟수,1
1159,모방,1
1160,"문정인,",1
1161,평양회담,1
1162,동행,1
1163,총수들,1
1164,"먹자""…",1
1165,먹을까…,1
1166,숙제,1
1167,브레이크,1
1168,카카오,1
1169,승차,1
1170,갈등…,1
1171,택시업계,1
1172,수도권,1
1173,운행,1
1174,중단,1
1175,전국대학교양교육협의회,1
1176,산·학,1
1177,일자리·사회,1
1178,취약층,1
1179,9조,1
1180,수십년,1
1181,대체,1
1182,강력,1
1183,의사,1
1184,상담…,1
1185,원격진료,1
1186,환자,1
1187,1억명,1
1188,남쪽,1
1189,"동남아,",1
1190,북쪽,1
1191,러시아…,1
1192,新시장,1
1193,낚시하듯…,1
1194,여성,1
1195,와야…,1
1196,남녀,1
1197,공학,1
1198,"""협동로봇·가스터빈·해상풍력",1
1199,전기,1
1200,원격감시,1
1201,몬'…,1
1202,전통시장,1
1203,4000대,1
1204,보급,1
1205,성장판,1
1206,13개,1
1207,9조원,1
1208,투입,1
1209,50개국,1
1210,유학생…,1
1211,글로벌·특성화,1
1212,자리매김,1
1213,주력,1
1214,지식재산,1
1215,창출…,1
1216,사업화,1
1217,촉진,1
1218,뚜렷,1
1219,철학,1
1220,사교육·성적,1
1221,연관성,1
1222,낮아…,1
1223,학업성취,1
1224,선택,1
1225,좌우,1
1226,전기전자공학,1
1227,창의공학부,1
1228,휴먼서비스,1
1229,최저임금委,1
1230,공익위원,1
1231,9명,1
1232,정부편,1
1233,국무조정,1
1234,국무총리비서,1
1235,자율주행차파크·드론시험장,1
1236,장기,1
1237,연구위한,1
1238,일흔셋,1
1239,부활,1
1240,국토교통과학기술진흥원장,1
1241,손봉수,1
1242,갑질,1
1243,홍종학,1
1244,양산,1
1245,규제완화법,1
1246,보험사,1
1247,세우는데…,1
1248,3개월,1
1249,말라붙,1
1250,"맥킨지,",1
1251,야심작…,1
1252,최종본,1
1253,발표,1
1254,원시림,1
1255,"북한,",1
1256,시험무대,1
1257,R&D(연구개발),1
1258,강소기업,1
1259,1000,1
1260,한곳에…,1
1261,날개,1
1262,정시,1
1263,학점,1
1264,수시,1
1265,로보,1
1266,사피엔스(Robo,1
1267,수능형,1
1268,학평,1
1269,1만3000명,1
1270,응시,1
1271,'블',1
1272,블랙리스트,1
1273,ADT캡스,1
1274,인수…,1
1275,보안시장,1
1276,지각변동,1
1277,사물인터넷,1
1278,창조…,1
1279,라이프,1
1280,현대중공업지주,1
1281,로봇시장,1
1282,자산,1
1283,"""톤착쿠션",1
1284,개발력,1
1285,E&M,1
1286,조명,1
1287,메아리,1
1288,기둥…,1
1289,벽지,1
1290,멸종,1
1291,어슬렁,1
1292,"""남북해빙·금리",1
1293,인상기,1
1294,"대형株·은행株""",1
1295,팀장님,1
1296,점심,1
1297,스크린,1
1298,야구,1
1299,한판,1
1300,양병론,1
1301,기업인,1
1302,'꿀팁',1
1303,구글·아마존,1
1304,소개,1
1305,부산대·한국해양대,1
1306,금융분야,1
1307,전문인력,1
1308,최저임금·법인세,1
1309,인상…,1
1310,약화,1
1311,경쟁국,1
1312,업그레이드,1
1313,한국언론학회,1
1314,"""애플·다이슨",1
1315,디자인,1
1316,사무,1
1317,퇴근,1
1318,방송…,1
1319,야근,1
1320,직장,1
1321,네이버·카카오,1
1322,20,1
1323,연초,1
1324,추락…,1
1325,기술주도,1
1326,부진,1
1327,헬스케어,1
1328,성장성,1
1329,토종,1
1330,소프트웨어,1
1331,'한컴',1
1332,시동,1
1333,국가안보전략연구원·서울대,1
1334,국제문제연구소,1
1335,학술회,1
1336,"SK하이닉스,",1
1337,영업이익률,1
1338,"한국,",1
1339,기본소득법,1
1340,발의…,1
1341,차원선,1
1342,감정로봇,1
1343,15명,1
1344,전과목,1
1345,절대평가,1
1346,특허심사,1
1347,김병도,1
1348,도전력,1
1349,복합미생물,1
1350,핵폐기물,1
1351,개발하자,1
1352,교육만,1
1353,살길,1
1354,한목소리,1
1355,광저우~홍콩,1
1356,고속鐵,1
1357,48분…,1
1358,"'대만구(大灣區,",1
1359,홍콩~마카오~광둥성)',1
1360,서울창의마,1
1361,메이커,1
1362,스페이스,1
1363,개관,1
1364,컨소시엄,1
1365,미래먹거리,1
1366,배양육,1
1367,특허,1
1368,3건,1
1369,출원,1
1370,아토피,1
1371,치료제,1
1372,활발,1
1373,서울시장,1
1374,한국당,1
1375,김문수,1
1376,특집,1
1377,발행,1
1378,시작하며…,1
1379,게임업계,1
1380,공략중,1
1381,보편요금제(데이터,1
1382,1GB·음성통화,1
1383,200분,1
1384,정부·시민단체,1
1385,압박,1
1386,쇼핑,1
1387,도우미,1
1388,챗봇,1
1389,"'샬롯',",1
1390,입력,1
1391,방송시간,1
1392,80조원,1
1393,건설,1
1394,'제2,1
1395,漢江,1
1396,5가지,1
1397,충고,1
1398,동남아,1
1399,차량공유…,1
1400,한국에선,1
1401,'스마트팜,1
1402,4곳,1
1403,베트남,1
1404,번영,1
1405,모색해,1
1406,연구실,1
1407,R&D로,1
1408,개척,1
1409,IGM·요즈마그룹,1
1410,"""M&A",1
1411,성공신화,1
1412,6개,1
1413,자회사,1
1414,인선,1
1415,마무리,1
1416,"""공공성·수익성",1
1417,두마리,1
1418,토끼,1
1419,복지,1
1420,59만개(2030년까지),1
1421,입시,1
1422,유리한,1
1423,잡아라…,1
1424,고교,1
1425,한국서도,1
1426,자문포트폴리오),1
1427,히트,1
1428,건물,1
1429,30,1
1430,"""모바",1
1431,온리(mobile,1
1432,열광,1
1433,가세…,1
1434,62개국,1
1435,"134업체,",1
1436,손안,1
1437,증권전문,1
1438,인터넷,1
1439,쇼핑몰,1
1440,이용,1
1441,주행차,1
1442,법·제도적,1
1443,장치,1
1444,마련,1
1445,시급,1
1446,와이즈교육,1
1447,홈스쿨,1
1448,복수학위제,1
1449,시행…,1
1450,2개,1
1451,성취,1
1452,파악,1
1453,자녀,1
1454,공사,1
1455,용접…,1
1456,한국선,1
1457,담합·덤핑,1
1458,기술발전,1
1459,백지수표,1
1460,모셔간다…,1
1461,스카우트,1
1462,메인넷(초당,1
1463,100,1
1464,기능,1
1465,성공…,1
1466,충격,1
1467,이마트,1
1468,"일렉트로마트,",1
1469,창원,1
1470,20호점,1
1471,5세대이동통신·사물인터넷,1
1472,산업체,1
1473,지원교육,1
1474,사장님,1
1475,없이…,1
1476,180,1
1477,침묵,1
1478,'손정,1
1479,300년,1
1480,왕국,1
1481,야망,1
1482,기하,1
1483,중등,1
1484,교과,1
1485,의사들,1
1486,추천주,1
1487,성적,1
1488,괜찮네…,1
1489,3배,1
1490,수익률,1
1491,위험,1
1492,"""다이슨",1
1493,방송,1
1494,언제해,1
1495,채팅창,1
1496,질문하면…,1
1497,날짜,1
1498,주문,1
1499,안내,1
1500,에어포트,1
1501,공항,1
1502,날아오른다,1
1503,풍력단지,1
1504,남자,1
1505,생리대,1
1506,만들수도…,1
1507,페미니즘화,1
1508,수중,1
1509,로봇·유리창,1
1510,교육지원시스템,1
1511,초고속인터넷,1
1512,4개,1
1513,국토,1
1514,충청권,1
1515,텔레콤,1
1516,박정호,1
1517,실무,1
1518,취업률,1
1519,밑거름,1
1520,직무경험,1
1521,양질,1
1522,가치창출,1
1523,10위,1
1524,선두,1
1525,장기현장실습,1
1526,산학협력,1
1527,동의과학대학교,1
1528,애경산업,1
1529,상장,1
1530,첫날,1
1531,21.,1
1532,43,1
1533,건국대학교,1
1534,수원대학교,1
1535,문자,1
1536,'ㅋㅋ'(메세지,1
1537,웃음,1
1538,수두룩…,1
1539,ICT(정보통신기술)·빅데이터,1
1540,발전소,1
1541,해외판,1
1542,동반성장펀드,1
1543,1000억,1
1544,경제위,1
1545,극복,1
1546,단절,1
1547,강조…,1
1548,발짝,1
1549,샌드박스',1
1550,울산,1
1551,어린이테마파크,1
1552,27일,1
1553,준공,1
1554,이름,1
1555,공모,1
1556,R&D·생산·유통,1
1557,번에…,1
1558,제약분야,1
1559,전초,1
1560,공감,1
1561,개혁,1
1562,세운상가,1
1563,기술학교,1
1564,배정요구…,1
1565,지속,1
1566,에너지밸리,1
1567,280개,1
1568,에스원,1
1569,산업혁명시대,1
1570,보안산업,1
1571,다연장로켓,1
1572,천무·K-9,1
1573,자주포,1
1574,'어벤저스팀',1
1575,투자하,1
1576,3000억원,1
1577,공선욱,1
1578,알바천국,1
1579,조선·철강,1
1580,빈자리…,1
1581,방위산업,1
1582,전자산업,1
1583,전자파,1
1584,간섭,1
1585,부품)…,1
1586,이기우,1
1587,인천재능대학교,1
1588,엘리스,1
1589,옥스퍼드,1
1590,캠퍼스,1
1591,교장,1
1592,대학생,1
1593,선택해,1
1594,방황…,1
1595,성향,1
1596,482,1
1597,문·이,1
1598,거대기업들,1
1599,성패,1
1600,'클라우드'(가상,1
1601,저장공간,1
1602,7개,1
1603,금융사,1
1604,200곳,1
1605,육박,1
1606,외출·외박,1
1607,위수,1
1608,지역,1
1609,하위,1
1610,95,1
1611,정체,1
1612,임금,1
1613,패스트캠퍼스,1
1614,포트폴리오·홍채,1
1615,인식하,1
1616,ATM…,1
1617,첨단금융,1
1618,협동로봇,1
1619,자체,1
1620,6조,1
1621,지속성장,1
1622,정성욱,1
1623,금성백조,1
1624,베트남·인도,1
1625,14억달러,1
1626,우위,1
1627,확보,1
1628,이영훈,1
1629,포스코건설,1
1630,혁명,1
1631,석학,1
1632,"와드와,",1
1633,조선족,1
1634,北전문,1
1635,소테츠,1
1636,필진,1
1637,합류,1
1638,해킹不可,1
1639,양자암호통신,1
1640,진출…,1
1641,보안기술,1
1642,손님,1
1643,족집게,1
1644,베네치아·바르셀로,1
1645,신규,1
1646,취항…,1
1647,장거리,1
1648,노선,1
1649,함께…,1
1650,한류,1
1651,혼돈,1
1652,"다시,",1
1653,正論,1
1654,"""448m",1
1655,"청라타워,",1
1656,명소,1
1657,원일우,1
1658,열정에…,1
1659,2막,1
1660,녹아든다,1
1661,기업협업센터,1
1662,맞춤…,1
1663,산학연계,1
1664,인력,1
1665,국내大,1
1666,수학·생명과학,1
1667,톱50',1
1668,허브,1
1669,가상,1
1670,피팅,1
1671,체험형,1
1672,파티,1
1673,술잔,1
1674,그때,1
1675,위험관리,1
1676,시작,1
1677,"""5G",1
1678,"선점""…",1
1679,통신업체들,1
1680,MWC(모바일월드콩그레스)서,1
1681,문승현,1
1682,동기,1
1683,유발,1
1684,중요…,1
1685,영어,1
1686,적절,1
1687,윤선주,1
1688,아시아,1
1689,이재규,1
1690,세계사,1
1691,유정선,1
1692,캠브리지코리아,1
1693,부센터장,1
1694,주위,1
1695,해결,1
1696,과학창의재단,1
1697,교수시절,1
1698,연구비,1
1699,의혹,1
1700,빅뱅,1
1701,생존,1
1702,한국창업학회,1
1703,공덕동,1
1704,쏘고요…,1
1705,소요산,1
1706,묵직,1
1707,복잡,1
1708,몇분,1
1709,뚝딱…,1
1710,소로스,1
1711,응대…,1
1712,보험업계,1
1713,'인슈테크'(보험,1
1714,수장,1
1715,공공기관,1
1716,원희룡,1
1717,제주지사,1
1718,돌덩어리,1
1719,뺐다가…,1
1720,7시간,1
1721,조남천,1
1722,전북대병원장,1
1723,돌파구,1
1724,노규성,1
1725,생산성본부,1
1726,"삼총사',",1
1727,4차산업·중소형주·신흥국,1
1728,안정자금,1
1729,신청,1
1730,늘리려…,1
1731,삼중,1
1732,중기부,1
1733,13년,1
1734,확장,1
1735,판교,1
1736,코드,1
1737,보국,1
1738,박중제,1
1739,메리츠종금,1
1740,투자전략팀장,1
1741,출소,1
1742,첫마디,1
1743,특별상,1
1744,김영우,1
1745,증권,1
1746,팀장,1
1747,김기영,1
1748,준비한,1
1749,활약,1
1750,진로자본,1
1751,수학·과학,1
1752,의견,1
1753,공유…,1
1754,사고력·문제해결력,1
1755,하실래요,1
1756,현금,1
1757,3라운드…,1
1758,요금제,1
1759,종이,1
1760,교재·온라,1
1761,결합…,1
1762,자기주도학습,1
1763,습관,1
1764,학생,1
1765,행복,1
1766,경찰,1
1767,압수,1
1768,수색,1
1769,이틀,1
1770,만난…,1
1771,인정…,1
1772,내수,1
1773,도움,1
1774,논문,1
1775,피인용수,1
1776,톱3'…,1
1777,인프라,1
1778,지주사,1
1779,체제,1
1780,투명성,1
1781,존경,1
1782,과거,1
1783,혹독,1
1784,국내외,1
1785,경영환경,1
1786,그러나…,1
1787,매출증가율,1
1788,플러스,1
1789,협력업체,1
1790,상생,1
1791,확대해,1
1792,방산,1
1793,한복,1
1794,"소피아,",1
1795,한국말,1
1796,판매,1
1797,토털,1
1798,꽃·나무에,1
1799,소장,1
1800,도서전,1
1801,최우선…,1
1802,배려,1
1803,실천,1
1804,자부심,1
1805,올림피아드교육,1
1806,온라인교육,1
1807,부문ㅣYBM,1
1808,추천,1
1809,약자,1
1810,동행…,1
1811,온정,1
1812,파이프,1
1813,코딩교육부문,1
1814,씨큐브코딩,1
1815,에러,1
1816,관리,1
1817,솔루션,1
1818,"'블루웍스',",1
1819,기간,1
1820,플립러닝,1
1821,부문ㅣ유투엠,1
1822,SK하이닉스,1
1823,'하이킥',1
1824,실적,1
1825,김영환,1
1826,부산도시공사,1
1827,그대,1
1828,손발,1
1829,자유,1
1830,허하노라…,1
1831,핸들,1
1832,페달,1
1833,지원책에…,1
1834,中國夢,1
1835,추종,1
1836,한·미,1
1837,동맹,1
1838,집단,1
1839,이기주의·관료,1
1840,복지부동·국회,1
1841,넘어야…,1
1842,"""신산업·신기술",1
1843,'실리'…,1
1844,진로·학비,1
1845,다양,1
1846,나라,1
1847,풀이법,1
1848,'창의력·협업력',1
1849,한국형,1
1850,'나노디그리'(단기,1
1851,교육과정,1
1852,인증제도,1
1853,혁신모델,1
1854,평생직업교육,1
1855,활성화,1
1856,공존,1
1857,순천향대,1
1858,밸리·도쿄,1
1859,국회의장,1
1860,苦言,1
1861,충청…,1
1862,싹쓸,1
1863,제2·3판교테크노밸리,1
1864,그린밸트,1
1865,임야,1
1866,매각,1
1867,세포,1
1868,배양,1
1869,홈쇼핑,1
1870,과기정통부,1
1871,기어드모터,1
1872,제조,1
1873,에스피,1
1874,중학생,1
1875,"삼국지,",1
1876,칠순,1
1877,지능형,1
1878,공항용,1
1879,투입…,1
1880,출입국장,1
1881,혼잡,1
1882,모니터링,1
1883,지지층,1
1884,반발,1
1885,重大,1
1886,國政,1
1887,"""4G",1
1888,50조,1
1889,돌파…,1
1890,민주당,1
1891,위대한,1
1892,촛불,1
1893,씁쓸,1
1894,자화상,1
1895,정치,1
1896,한국항공대학교,1
1897,학생주,1
1898,현장실습,1
1899,겨냥,1
1900,정답,1
1901,않아…,1
1902,실패,1
1903,거듭,1
1904,떠나는…,1
1905,밸리·日,1
1906,新경제,1
1907,"""한국,",1
1908,냄비,1
1909,개구리…,1
1910,부족,1
1911,제도·정책,1
1912,대외경제정책연구원,1
1913,"""중국",1
1914,기업들,1
1915,애자,1
1916,조직(Agile·민첩한,1
1917,단위,1
1918,新성장,1
1919,J노믹스(文정부,1
1920,경제정책,1
1921,암초,1
1922,"""혁신·미래",1
1923,먹거리·사회적,1
1924,국가산업,1
1925,452,1
1926,축지술(縮地術),1
1927,굴뚝,1
1928,패러다임,1
1929,산업시대,1
1930,파견근,1
1931,금지,1
1932,경영참여…,1
1933,천국,1
1934,남북물류포럼,1
1935,조찬,1
1936,거래소,1
1937,檢警수사…,1
1938,새싹,1
1939,"잘릴라""",1
1940,중심상업지구,1
1941,10분…,1
1942,녹지율,1
1943,46,1
1944,인근,1
1945,독바위,1
1946,근린공원·칠봉산,1
1947,정재승,1
1948,교수·천재원,1
1949,총괄책임자,1
1950,光·해저케이블,1
1951,폭발…,1
1952,전선업계,1
1953,휘파람,1
1954,문용식,1
1955,한국정보화진흥원장,1
1956,"세종시,",1
1957,국제인증,1
1958,주민,1
1959,원도,1
1960,포스프레,1
1961,플랫폼,1
1962,인공지능제철소,1
1963,탈바꿈,1
1964,"""로봇직원·무인화",1
1965,창구…,1
1966,신협,1
1967,코앞,1
1968,거대,1
1969,中國시장…,1
1970,경기장,1
1971,앞좌석,1
1972,꿰찬,1
1973,지자체,1
1974,본연,1
1975,핵심기능,1
1976,강화해,1
1977,농업경쟁력,1
1978,최선,1
1979,기업형,1
1980,無學科(4년간,1
1981,도입…,1
1982,카이스트,1
1983,대변신,1
1984,특허받,1
1985,'아이탐'…,1
1986,회사·설계사·고객,1
1987,소통,1
1988,방송통신심의위원회,1
1989,거점형,1
1990,창업선도대학,1
1991,장학금,1
1992,경영·일자리,1
1993,과감,1
1994,"추진하길""",1
1995,30년,1
1996,실수,1
1997,부산·세종시,1
1998,법제처,1
1999,집값,1
2000,들썩들썩…,1
2001,분당,1
2002,리모델링,1
2003,거품투성,1
2004,고위,1
2005,공직,1
2006,축소,1
2007,증시,1
2008,유망…,1
2009,중소형株·아시아,1
2010,신흥국(중국·인도·베트남),1
2011,휴머노이드(인간형,1
2012,배터리…,1
2013,테크(Tech·기술),1
2014,패권,1
2015,다인건설,1
2016,로얄팰리스,1
2017,디자인웨딩,1
2018,구리~포천,1
2019,고속도로,1
2020,개통,1
2021,지하철,1
2022,7호선·테크노밸리,1
2023,확정…,1
2024,저평가,1
2025,우량지',1
2026,양주,1
2027,뒤처졌다…,1
2028,3조원(中,1
2029,드론업체,1
2030,한곳,1
2031,300억원(한국,1
2032,드론업계,1
2033,칸막이,1
2034,제2회,1
2035,과총,1
2036,제4차,1
2037,적정기술,1
2038,금한령,1
2039,한삼희,1
2040,수석,1
2041,포항,1
2042,지진,1
2043,논란,1
2044,집계,1
2045,造船,1
2046,'급락(3월,1
2047,70,1
2048,쇼크,1
2049,500개,1
2050,농·축산물,1
2051,잔치,1
2052,청원생명축제,1
2053,10월,1
2054,5일,1
2055,7회,1
2056,유네스코,1
2057,직지상,1
2058,아프리카,1
2059,사바,1
2060,관세,1
2061,폭탄,1
2062,철강,1
2063,본사,1
2064,신차,1
2065,배정,1
2066,시작되는데…,1
2067,한국GM은,1
2068,공회전,1
2069,독일,1
2070,9번,1
2071,블랙홀,1
2072,루지황제,1
2073,수퍼컴·AI,1
2074,에틸렌,1
2075,규모(304만t),1
2076,경량화,1
2077,투명,1
2078,필름,1
2079,완공…,1
2080,잔사유,1
2081,화학·배터리,1
2082,선제적,1
2083,2년,1
2084,연속,1
2085,3兆,1
2086,철판,1
2087,현상,1
2088,프린트…,1
2089,컬러,1
2090,강판,1
2091,고기능,1
2092,늘어…,1
2093,합성고무,1
2094,연구·개발,1
2095,스피드,1
2096,경쟁력·위,1
2097,대응력,1
2098,결정체,1
2099,세계최초,1
2100,타이틀,1
2101,휩쓰는데…,1
