,Title,Date
0," 새만금개발공사 설립...매립, 도시조성 본격화 ",2018.10.30
1, “공공기관 지역인재 채용 2022년까지 30%로 늘릴것”   ,2018.10.30
2, ‘KTX 세종역’ 공방 확산…충북-호남 ‘세대결’ 조짐 ,2018.10.30
3," “은행, 지역 돈 지역에 재투자해야”…지자체·법원 금고선정에도 반영  ",2018.10.29
4, 시도별 혁신거점 ‘국가혁신클러스터’ 본격 시동 ,2018.10.25
5," 4조3천억 투입…“10개 혁신도시, 지역성장 거점으로 육성” ",2018.10.25
6, 지자체 39% 생존위기…돈맥경화 풀어줄 해법은? ,2018.10.25
7, 136년 역사 인천 개항장이 되살아난다 ,2018.10.25
8, 충남도 조직개편안…‘새마을’ 지우고 ‘남북교류’ 신설 ,2018.10.25
9," “유혹 느껴도 참는다” 했는데, 결국 ‘SOC’에 SOS 친 정부  ",2018.10.24
10, 10월 24일 인사 ,2018.10.23
11, [한겨레 프리즘] 물러남이 없나니… / 오윤주 ,2018.10.23
12," 문 대통령, 9월 평양공동선언·남북 군사합의서 ‘비준’  ",2018.10.23
13," 평양공동선언, 오늘 문 대통령 주재 국무회의에 상정 ",2018.10.23
14," 온천관광의 정석, 중국 하이난에서 즐기는 이색피서 ",2018.10.22
15, “균형발전 위해 국회·서울대 지방으로 이전해야” ,2018.10.22
16," 허태정 대전시장 “대전, 혁신도시 제외돼 지역인재 역차별 심각” ",2018.10.22
17, 운동·감각능력 로봇에 ‘모라베크 역설’ 붕괴?…인간 고유성 질문 ,2018.10.21
18, [김정헌 칼럼] 좋은 이야기는 세계를 확장시킨다 ,2018.10.18
19, 마크롱 만난 아베 “프랑스는 태평양 국가…힘 합치고 싶다” ,2018.10.18
20, 윤호중 “10년으론 나라 바꾸는 데 부족”…20년 집권론 강조 ,2018.10.18
21, 위빈 “이창호가 최고 기사”에 목진석 “커제가 일인자죠” ,2018.10.18
22, 10월 18일 알림 ,2018.10.17
23, “‘나눠주기’식 이전은 안 돼…지역 스스로 마스터플랜 짜야” ,2018.10.17
24," 저소득 생존법, 시간을 헐다…여 30%·남 20% ‘시간 빈곤자’ ",2018.10.17
25, 17일 궂긴소식 ,2018.10.16
26, “‘강호축’이 강호동보다 유명해졌다” ,2018.10.16
27, “장내미생물처럼 식물엔 뿌리미생물이 중요” ,2018.10.15
28, KTX세종역 신설 갈등 배경엔…충북의 ‘철도소외’ 트라우마 ,2018.10.15
29," “사회개혁 앞당기려면, 민주노총이 사회적 대화 중심에 서야” ",2018.10.15
30, ‘가짜뉴스 진원지’ 에스더가 외교부 등록단체로 버젓이 ,2018.10.10
31, 강남3구 주민 10명 중 8명 “강남북 불균형 심각” ,2018.10.10
32," 부산·울산·경남 “신공항 건설, 남북경제협력에 힘 합친다” ",2018.10.10
33," [단독] 벽지노선 철도 지원, 교통 기여도 중심으로 바꾼다 ",2018.10.10
34," 북, 중·러·일과 ‘정상외교’ 시동…“동북아 평화 새 질서로” ",2018.10.08
35, 강북 오르막길에 모노레일 설치 추진…총 60억 투입 ,2018.10.08
36," [편집국에서] 노무현은 했고, 문재인은 하지 않는 일 / 김규원 ",2018.10.07
37, 딱지만 주고 사주진 않는 우수도서? ,2018.10.04
38, 문 대통령 “SK 하이닉스는 지자체·기업·노사 협력 모범” ,2018.10.04
39, “불쌍한 북한 동포? 이제 그만…남북 균형발전이 새 푯대”  ,2018.10.03
40, 남북교류 제안 봇물…벽초·단재 학술교류도 ,2018.10.03
41, 10월 1일 알림 ,2018.09.30
42," 리용호, 제재완화 공식 제기…“핵시험 중지 1년, 제재 그대로” ",2018.09.30
43, [편집국에서] ‘수도권 기득권’ 깰 생각은 있나? /  석진환 ,2018.09.30
44, 공공주도 매립 전담할 새만금개발공사 출범 ,2018.09.30
45," 유재하, 세월이 흐를수록 순위를 거슬러 오른 최고 명반 ",2018.09.28
46, 9월 27일 인사 ,2018.09.26
47, 명절에 KTX 타고 진주에 갈 수 있을까? ,2018.09.23
48, “‘거창학살 사건’ 방영하자 ‘작가·연출 소환설’ 흉흉하더니…” ,2018.09.22
49," 풍성한 평화의 계절, 홀로 ‘이성을 잃은’ 사람들 ",2018.09.21
50, 박선숙 등 11인 ‘9월 평양선언 지지 결의안’ 발빠른 발의 ,2018.09.20
51," 문 대통령 “김 위원장, 트럼프와 2차 회담 조속 개최 희망”  ",2018.09.20
52," 북 언론, 남북정상회담 “평화번영 열 이정표”…김정은 서울 답방 “약속” ",2018.09.20
53, “서해는 경제·동해는 관광 ‘공동특구’”…기대 커진 경협 ,2018.09.19
54, 핵·전쟁 없는 한반도가 시작됐다…남북 사실상 ‘종전선언’ ,2018.09.19
55, 현대·상의·중기중앙회·무역협회 ‘9월 평양 공동선언’ 환영 ,2018.09.19
56, “남북 비핵화 방안 합의는 처음…핵무기·핵위협·전쟁 없는 한반도로” ,2018.09.19
57," 역사를 바꾼 7분…남북 정상, ‘평양공동선언’ 서명 순간 ",2018.09.19
58, [전문] 김 위원장 “영변 핵 영구폐기 용의”…올해안에 서울 온다  ,2018.09.19
59," 대법관후보추천위, 김주영·문형배·김상환 추천 ",2018.09.18
60, 내년 대학생 19년만에 200만명대로 줄어들 듯 ,2018.09.17
61, 9월 18일 동정 ,2018.09.17
62," ‘이해찬호’ 개혁정책 속도전, 지지층 붙잡기 ",2018.09.14
63, 김학용·김성태·홍준표의 ‘마초본색’ [더정치] ,2018.09.14
64," 종부세 더 올리고, 대출 틀어막고…뛰는 집값 잡힐까 ",2018.09.14
65, [9·13대책 일문일답] 김동연 “종부세 4200억원 더 걷힐 것” ,2018.09.13
66, [기고] 너무 먼 고등교육 정상화 / 김문주 ,2018.09.13
67, 국민연금이 ‘국민의 집사’로 거듭나려면 ,2018.09.13
68, 세종·구미 “KTX역 신설” 청주·김천 “절대 안돼” ,2018.09.13
69," “자영업 위기, ‘최저임금 때리기’로 해결될 일 아니다” ",2018.09.12
70, ‘세종의사당’ 깃발 나부끼지만…칼 뽑을 장수 안보이네 ,2018.09.11
71, 68년만에 위수령 폐지…문 대통령 “참 감회가 깊다” ,2018.09.11
72, 중소기업 대표들 더불어민주당 이해찬 대표와 정책건의 간담회  ,2018.09.11
73, 셰일오일이 세계 질서를 바꾼다 ,2018.09.11
74, 김종갑 한전 사장 “대기업 전기료 부담이 중기보다 적어…요금체계 손볼 때” ,2018.09.10
75," 협력이익배분제, 대기업 끌어당길 묘수 나올까 ",2018.09.09
76, 9월 8일 인사 ,2018.09.07
77," 이해찬 “지방이양일괄법, 올해 통과시키도록 노력” ",2018.09.07
78, 문재인 정부 ‘최저→적정’ 수준으로 삶의 질 높인다 ,2018.09.06
79," 송재호 위원장 ""지역 주도 균형발전 토대 마련해야"" ",2018.09.06
80, ‘지역 혁신’ 성공사례 한 자리에 ,2018.09.06
81," “역사적 과업”→“가슴 아파”…김병준, 공공기관 이전 ‘태도 돌변’ ",2018.09.06
82," 122개 공공기관을 지방으로…민주당, 공공기관 ‘2차 이전’ 추진 왜? ",2018.09.06
83," 전국 혁신도시들, 공공기관 추가 이전 일제히 ‘환영’ ",2018.09.05
84, 민주당 “이전 대상 122개 공공기관 분류 작업 시작한다” ,2018.09.05
85," [사설] 공공기관 이전, 면밀한 평가 위에서 추진해야 ",2018.09.05
86, [영상] 웃음으로 시작 고성으로 끝난 ‘김성태 국회 연설’ 어땠나 ,2018.09.05
87, “수도권 공기관 122곳 지방 이전 추진” ,2018.09.04
88," [사설] ‘개혁 로드맵’ 없는 구조조정, 지방대학만 내몬다 ",2018.09.04
89, 대학평가 후폭풍으로 대학 총장들 잇따라 사퇴 ,2018.09.04
90, 이해찬 “수도권 공기관 122곳 지방으로 이전 추진” ,2018.09.04
91," “지역인재 채용목표제, 우리가 최고 수혜대학이죠” ",2018.09.03
92, ‘토마스와 친구들’ 새 시즌에 아시아 여성 캐릭터 추가된 이유 ,2018.09.03
93, [MODU가 주목하는 대학] 대학다운 미래 대학 경희대학교 ,2018.09.03
94, 9월 3일 알림 ,2018.09.02
95," [편집국에서] 서울을 떠나자, 지방으로 가자 / 김규원 ",2018.09.02
96, [2030 잠금해제] 사유화된 광장 앞에서 / 이은지 ,2018.09.02
97, 4강서 멈춘 ‘박항서 매직’…베트남 아시안게임 첫 메달 무산 ,2018.09.01
98, EU “개인정보 주체가 언제라도 활용 거부할 권리 보장” ,2018.08.31
99," [사설] 개인정보 규제완화, 활용과 보호 균형 맞춰야 ",2018.08.31
100, 가사노동도 경제적 가치 인정받을까…통계지표 개발 ,2018.08.31
101, 8월 31일 출판 새 책 ,2018.08.30
102, 여의도·용산 개발 이어 박원순 ‘옥탑방 구상’도 제동걸리나? ,2018.08.30
103, 규제완화 부작용 ‘방어막’ 더 줄이는 여야 ,2018.08.29
104," ‘책임 있는 자본주의법’은 묻는다…“기업, 넌 대체 누구니?” ",2018.08.29
105," 문 대통령, 내일 시도지사 초청 일자리 창출 오찬 간담회  ",2018.08.29
106, “내게 유전자가위는 경이롭고도 두려운 미래” ,2018.08.27
107, ‘청양 면장댁 셋째’ 이해찬 다잡은 딱 세줄 아버지 엽서 ,2018.08.25
108," “평화와 번영, ‘판문점 선언’ 이행의 두 수레바퀴” ",2018.08.24
109, 8월 25일 인사 ,2018.08.24
110, 판문점선언 뒤 첫 남북 포럼…“평화의 새로운 여정” ,2018.08.22
111," 민주당 전당대회 D-4…광주, 전주로 달려가는 당권주자들 ",2018.08.21
112, [김지석의 화·들·짝] 트럼프 대통령은 과연 무엇인가 ,2018.08.21
113, 범민족평화포럼 22일 중국 선양서 개막 ,2018.08.21
114, 자전거 페달 밟듯 ‘균형 독서’해야 넘어지지 않아 ,2018.08.20
115, ‘옥탑방 살이’ 마친 박원순 “서울시 산하기관 3곳 강북 이전” ,2018.08.19
116," 소소함과 기술, 여행의 재발견 ",2018.08.17
117, [세상 읽기] 소득주도 성장 2.0 / 주상영 ,2018.08.16
118, 폭염에도 집 안 26도…“에어컨 틀 필요 없어” ,2018.08.16
119, 컬링·마늘로 뜬 의성 ‘65살 이상 40%’ 소멸 위험 1위 ,2018.08.13
120," “문재인 정부, 청와대 중심 운영으로는 실패할 수밖에 없어” ",2018.08.13
121, 기후를 바꾼 탄소문명…의식주도 바꿀 때다  ,2018.08.13
122, 기후를 바꾼 탄소문명…수렁에서 벗어날 길은? ,2018.08.13
123, 제주 부지사 “제주 비자림로 공사 무기한 중단” ,2018.08.10
124, 쇼면 어떠랴! 서울 시민의 삶을 바꿀 수 있다면… ,2018.08.10
125, 문재인정부의 신남방정책 본질은 한반도 평화시대 대비 ,2018.08.10
126, “제2 균형발전·지방일자리 창출 시급” ,2018.08.10
127, 거시변화에 대응하려면 미시변화를 읽어야 한다 ,2018.08.09
128, 삶의 질 강화 ‘생활 SOC 투자’ 1조원 이상 늘린다 ,2018.08.08
129, 수원·고양·용인·창원시 100만 특례시로 뭉쳤다  ,2018.08.08
130," 삼성, 김동연에 “복제약값 올릴 수 있게 해달라” ",2018.08.06
131, 문 대통령 “삶의 질 높일 생활 SOC에 과감히 투자해야” ,2018.08.06
132, 한전의 ‘영국 원전 우선협상자 해지’가 탈원전 때문이라고? ,2018.08.05
133, 리용호 “공동성명 모든 조항 동시적·단계적 이행해야” ,2018.08.04
134, 폭염보다 뜨거운 민주당 당권 경쟁 ,2018.08.04
135, 폭염 전력수요 급증에도 전력도매 가격은 안정적 ,2018.08.01
136, 전국 지방분권 단체들 문재인 정부 지방분권 의지 비판 ,2018.08.01
137, 민선 7기 인천 첫 조직개편…’원도심 부흥·일자리 창출’ 방점 ,2018.08.01
138," 세상에서 가장 빠른 회전체, ‘1초에 10억회’ 기록경신 ",2018.08.01
139, 태양의 ‘왕관’을 만지러 간다…섭씨 100만도 불 속으로 ,2018.07.30
140, 그도 그녀도 아닌 ‘그대’…배역의 ‘성벽’을 허물어라 ,2018.07.30
141," [사설] 군, 마지막이란 각오로 환골탈태해야 ",2018.07.29
142, “백지 같은 연기자 ‘나영진’ 대본만으로 ‘신돌석 장군’ 변신했다” ,2018.07.28
143, 10월1일 전역자부터 군복무 단축…장성 76명 줄인다 ,2018.07.27
144, [사설] ‘신뢰 위기’ 속 취임하는 새 대법관들의 막중한 책임 ,2018.07.26
145, “여야를 가리지 않는 용광로와 같은 시정 펼칠 것” ,2018.07.26
146," [왜냐면] 소득주도성장, 혁신성장, 공정경쟁에 더해야 할 것 / 박영석 ",2018.07.25
147, “더 과감해지지 않으면 성장과 삶의 질 둘 다 놓치고 말 것” ,2018.07.25
148, [아침 햇발] 박원순 시장의 ‘여의도 통개발’ 유감 / 안재승 ,2018.07.24
149, 제주공항 주변 개발구상안 재검토한다 ,2018.07.23
150," [포토] 박원순 서울시장, 강북 옥탑방 생활 시작 ",2018.07.22
151," 남북, 동해선 철도 연결구간 공동점검 진행 ",2018.07.20
152," 박원순 서울시장, 22일부터 삼양동 옥탑방서 한달살이  ",2018.07.20
153," 강원도의회, 대학 역량진단 정책개선 촉구 건의안 채택 ",2018.07.20
154," 박원순, 에어컨 없는 강북 삼양동 옥탑방서 22일부터 한달 산다 ",2018.07.20
155, [사설] 박용만 상의 회장의 ‘진단과 처방’ 경청할 만하다 ,2018.07.19
156, “중원 문화 중심 충주에 국립박물관 세워야” ,2018.07.18
157," 진보 지식인 323명 “문재인 정부, 사회경제 개혁 포기 우려” ",2018.07.18
158," 한국당, 12년 전엔 김병준에 “불행의 씨앗” “막가파”라더니… ",2018.07.17
159, 부산시민 지방분권형 개헌 압도적 찬성 ,2018.07.17
160," “기술발달로 일이 변하는 시대, 협동조합 더 중요해졌다” ",2018.07.16
161, 규제완화 두고 정부·여당·야당의 복잡계 ,2018.07.16
162, 정무 떼고 평화·문화·연정부시장…지방정부 ‘간판 리모델링’ ,2018.07.16
163," 이재명 인수위, 무상교복 ‘고교 신입생’까지 확대한다 ",2018.07.15
164," 박원순, 이번엔 강북 옥탑방에 ‘서울시장실’ 만든다 ",2018.07.15
165, “카빈 강도·기생관광·암매장…‘70년대 범죄사회사’ 그렸다” ,2018.07.14
166, “내 학문적 기반은 리영희·민두기·백낙청 ‘세 스승’이죠” ,2018.07.11
167, [왜냐면] 총장 선출 방식과 시대정신 / 이상일 ,2018.07.11
168," 후반기 국회, ‘임대차보호법 개정’으로 소상공인 눈물 닦아줄까 ",2018.07.11
169, [유레카] 보수가 지켜야 할 것들 / 백기철 ,2018.07.10
170, 전성인 “문재인 정부 1년만에 경제정책 우클릭 시도” ,2018.07.09
171, “섬주민·활동가 네트워크 만들어 ‘섬 정책’ 바로 세워야 해요” ,2018.07.08
172, 5일 알림 ,2018.07.05
173, 경기북부 접경지역 시장의 첫 화두는 ‘소통’과 ‘평화’ ,2018.07.05
174, 7월 4일 알림 ,2018.07.03
175," [노혜경 칼럼] 새로운 사태, 52시간 ",2018.07.03
176, 이춘희 세종시장 “지방 일은 지방정부가 하는 게 분권” ,2018.07.03
177, 7월 3일 알림 ,2018.07.02
178," 대우건설, 건설업자 간 상호협력 평가 최고점 ",2018.07.01
179, 송철호 “전임 시장이 추진한 4차 산업 계승·발전시키겠다” ,2018.06.28
180," [왜냐면] 혁신성장, 과도한 진입규제가 걸림돌이다 / 정세은 ",2018.06.27
181, 이시종 “지역 균형발전 위해 국회 양원제 도입하자” ,2018.06.27
182, ‘원팀’ 부울경 상생협약문 발표… 민주당은 민생경제 행보로 뒷받침 ,2018.06.26
183, 남북 7월24일부터 경의선 북쪽 구간 공동조사…이어서 동해선도 ,2018.06.26
184, 민선7기 대전시정 열쇳말은 ‘시민’과 ‘경제’ ,2018.06.25
185," 남북 분과회의 잇달아…철도 26일, 도로 28일, 산림 7월4일 ",2018.06.25
186, “사회적경제? 경제에 대한 사회의 통제력을 되찾는 일” ,2018.06.22
187, [인터뷰] 박원순 “사람의 삶 짓밟는 집단적 개발 반대한다” ,2018.06.22
188, ‘4대강 사업 반대’ 환경운동가에서 여주시장으로 변신한 이항진 당선자 ,2018.06.20
189, TK 유일 민주당 구미시장 당선자 인수위 출범 ,2018.06.19
190, 김경수 경남도지사 당선자 ‘투 트랙’ 인수위 구성 ,2018.06.18
191, [최재봉의 문학으로] ‘현승치’를 아시나요? ,2018.06.14
192, 시민운동가 박정현 대전 대덕구청장 당선  ,2018.06.14
193," 김경수 봉하마을 찾아 “노무현의 꿈, 경남서 다시 시작합니다” ",2018.06.14
194, 군포 당정동·대구 평리동 ‘소공인 특화 산업단지’ 지정 ,2018.06.14
195," 기초도 3선, 광역도 3선…선거 ‘8전 8승’ 이시종 ",2018.06.14
196, 부산 해운대을 국회의원 보궐선거 민주 윤준호 당선 유력 ,2018.06.14
197, ‘8전9기’ 송철호 울산시장 당선…노무현과 인권변호사 3인방 ,2018.06.14
198, [김종구 칼럼] ‘비정상적 정당의 자멸’과 민주주의의 전진 ,2018.06.13
199, 이재명·남경필 “경기 7대 잘못” “포퓰리즘” 공방 ,2018.06.12
200," 송철호 “김, 땅 투기” 김기현 “송, 염치없어” 막판 난타전 ",2018.06.12
201, 보수 원로들은 왜 자유한국당이 폭삭 망해야 한다고 할까 ,2018.06.11
202, 성큼 다가온 ‘주 52시간 근무제’ 수혜주도 있네? ,2018.06.11
203," “청천강 트인 갯벌 보니, 옛 새만금 생각났다” ",2018.06.11
204, 민주당 여성의원 5명 ‘파란머리 인증샷’ ,2018.06.10
205, 한반도 넘어 동북아 경제지도 바꾼다 ,2018.06.08
206, “혼자서는 세상을 구할 수 없다”…‘집합적 임팩트’ 주목 ,2018.06.07
207, “행정수도 개헌 재점화” “당론으로 채택” “아침 돌봄교실” ,2018.06.05
208," 답 안보이는 미세먼지 공약, 서울 시민들 마스크 벗을 수 있을까 ",2018.06.05
209, 송아영 “모든 것을 걸고 헌법에 행정수도 명문화”  ,2018.06.05
210," [사설 속으로] 한겨레·중앙일보, ‘문재인 정부 출범 1년’ 사설 비교해보기 ",2018.06.04
211, 문 대통령 고향 거제 표심 ‘이번엔 문풍’ ‘미워도 한국당’  ,2018.06.04
212, 독립운동단체 원로 18명 “5·26 판문점 정상회담 지지” ,2018.05.31
213, 위기의 전남농업 구할 해결사는 누구?   ,2018.05.31
214, “첫 단추 ‘독립언론+공영방송’ 잘 끼워 매체장벽 허물고파” ,2018.05.30
215, 이시종 “최고령? 나는 아직 배고프다” 박경국 “무능 도지사 3선 안돼”  ,2018.05.30
216, ‘7전7승’ 이시종 후보 “아직 배고프다” ,2018.05.30
217, 임대윤 “군공항만 이전” 권영진 “통합 공항” 김형기 “신공항 재추진” ,2018.05.29
218, 양승조 “충남 아동수당 +10만원” 이인제 “일자리 50만개 더” ,2018.05.29
219, ‘조선업 불황’ 거제 등 5곳 ‘산업위기대응 특별지역’ 지정  ,2018.05.29
220, 김형기 바른미래당 후보 “한국당 문 닫게 하겠다” ,2018.05.29
221," 양승조 후보 “아동수당, 충남도는 10만원 더” ",2018.05.29
222, 남북 긴급할 때 ‘판문점 출퇴근 회담’ 또 열 수 있게 준비 ,2018.05.28
223, “‘한겨레’ 본사부터 지역으로 옮기면 어떨까요” ,2018.05.28
224, 5월 29일 인사 ,2018.05.28
225, [지역이 중앙에게] 앞서가려 하지 말고 평등해라 / 황민호 ,2018.05.28
226, 창동·상계에 45층 ‘창업+문화 복합단지’ 들어선다 ,2018.05.28
227, “적폐청산·남북관계 성과 뚜렷”…“일자리·재벌개혁 미흡” ,2018.05.24
228, 허태정 “대전을 4차 산업혁명 특별시로” ,2018.05.23
229, 북극항로 활용한 비즈니스가 새로운 기회다 ,2018.05.23
230, “공연예술축제의 모범을 제시하겠다” ,2018.05.23
231," [박노자의 한국, 안과 밖] 반란을 꿈꿀 여유조차 없는 대한민국 ",2018.05.22
232, 박원순 “안철수-김문수 연대? 상황 바꾸긴 어려울 것” ,2018.05.21
233," 김정은식 개혁·개방 3종세트, 북미회담으로 탄력받나 ",2018.05.21
234, 박원순 “재건축 초과이익 철저 환수”…안철수·김문수와 대비 ,2018.05.20
235," 한겨레, 너라면 힘이 펄펄펄~나 ♪♬  ",2018.05.18
236, 6·13 지방선거를 사회적 경제 확산의 디딤돌 삼자 ,2018.05.17
237, 국가유공 중소기업인들 “‘건강한 청년 일자리’ 만들겠다”  ,2018.05.17
238, “제천을 주목하라”…지방선거·재선거 함께 열려 ,2018.05.16
239, [김지석 칼럼] 비핵화 ‘한반도 모델’ 어떻게 해야 하나 ,2018.05.16
240, 고양 시민·진보정당·전문가그룹 ‘정책 제안’ 봇물 ,2018.05.16
241, 한승헌 “한겨레 탄생은 기적” 정세균 “내일 비추는 언론 되길” ,2018.05.15
242, 암참 “북한 경제협력·투자는 CVID가 선결조건” ,2018.05.15
243, 한국사회는 어떤 글로 기억되는가 ,2018.05.14
244," 이춘희 출마 선언, 세종시장 선거 3파전 ",2018.05.14
245,"  [영상 ‘이구동성’] 격동의 한반도, 정상회담의 정치학 ",2018.05.14
246, 신창재 “경영의 기초는 직원들과 소통…경청·존중·배려해야” ,2018.05.13
247, 취재보도준칙 ,2018.05.10
248, [왜냐면] ‘국제 민주주의 지원센터’ 설립을 촉구하며 / 신형식 ,2018.05.09
249, 트럼프-시진핑 전화통화…“북한 영구 핵폐기 때까지 대북제재 지속” ,2018.05.09
250, 문 대통령 “김정은 국제사회 비핵화 요구 명확히 이해” ,2018.05.08
251, 북미 담판 앞두고…김정은·시진핑 ‘다롄 회담’ ,2018.05.08
252, 윤석헌 새 금감원장 “소신껏 브레이크를 밟아야 한다” ,2018.05.08
253," ‘홍준표와 갈등’ 강길부 의원, 6일 자유한국당 탈당 선언 ",2018.05.06
254, 서울주 평양주 …현직 검사 “통일뒤 13개주 코리아연방 체제로” ,2018.05.06
255, [한겨레 사설] 한반도 대전환 시기 ‘중국 역할론’ 고려해야 ,2018.05.03
256, 농번기 인력난 제주에 농업인력지원센터 운영한다 ,2018.05.03
257, 김동연 부총리 “남북경협 재원 시나리오 있다” ,2018.05.02
258, [세상 읽기] 보수를 통째로 넘기시겠습니까? / 이관후 ,2018.05.01
259," 이재명·남경필, 경기 접경지역에 “통일경제특구 조성”  ",2018.04.30
260, 남북 철도 연결될까…‘경협주’ 급등 ,2018.04.30
261, 남북 철도 연결될까…관련 주 일제히 급등 ,2018.04.30
262," 70년 단절 ‘남북 혈맥’ 연결해 ‘한반도, 하나의 경제권’으로 ",2018.04.30
263, ‘10·4선언’ 11년…사업 중단되거나 흐지부지되거나 ,2018.04.29
264, [한겨레 사설] ‘신남북경협’으로 한국 경제 재도약 기회 열기를 ,2018.04.29
265, ‘판문점 선언’에는 남북연합 통일 방안이 숨어 있다 ,2018.04.29
266, ‘완전한 비핵화’ 첫 명기…북·미회담 길 열었다 ,2018.04.27
267, 경의선·동해선 연결 ‘끊어진 남북’ 잇는다 ,2018.04.27
268, 남북 정상 “한반도에 더 이상 전쟁 없을 것” ,2018.04.27
269, 남북 65년만에 전쟁 끝낸다 ,2018.04.27
270, ‘판문점 선언’ 어떤 내용 담길까…다시보는 6.15와 10.4 선언문 ,2018.04.27
271," [현장중계] 문재인 대통령 부부, 리설주 여사 영접 뒤 만찬 ",2018.04.27
272, 산업연구원장 장지상·조세재정연구원장 김유찬 ,2018.04.26
273, 산업연구원장 장지상 교수·조세재정연구원장 김유찬 교수 ,2018.04.26
274, 남북정상회담 열쇳말 ‘평화’…“적대에서 공존으로 대전환을” ,2018.04.26
275," [박노자의 한국, 안과 밖] 북한, 기로에 서다 ",2018.04.24
276, 우리 삶의 질을 높일 후보는 누구? ,2018.04.23
277," “사람 중심 복지, 삶의 질 향상 위해 인프라 투자 확대해야”   ",2018.04.19
278, 민주당 광역단체장 후보 12곳 확정 ,2018.04.18
279, 국민연금 재정계산 결과 이르면 7월 공개…연금보험료 오를까 ,2018.04.17
280," 칼은 춤으로, 춤은 칼로   시퍼런 진검 잡념 ‘싹둑’ ",2018.04.16
281, “성장중독증 치유할 ‘행복정책 길잡이’ 200여명 뭉쳤죠” ,2018.04.15
282, [편집국에서] 언제까지 서울 살 거냐? / 김규원 ,2018.04.15
283, 박영선·우상호 “미세먼지·부동산 대책 효과없어”…박원순 협공 ,2018.04.13
284, 4월 14일 궂긴 소식 ,2018.04.13
285, “국민연금 기금은 줄어드는 게 당연…보험료 높이는 게 바람직” ,2018.04.13
286, 지역인재 40% 채용으로 지역균형발전 실현 ,2018.04.12
287, [인터뷰] 노회찬 “블록체인으로 대의 민주주의 보완” ,2018.04.12
288, “드라마 ‘남자-능력 여자-외모’ 구도는 20년 전과 불변” ,2018.04.12
289," “중앙정부 권한, 광역단체 아닌 기초단체에 배분해야” ",2018.04.12
290," 마트 여성 노동자, 서울시장 출마 선언하다  ",2018.04.11
291, 남북 말라리아 공동방역 남북정상회담 뒤로? ,2018.04.10
292, 어느 민주당 TK의 호소 “대구·경북을 포기하면 안됩니다” ,2018.04.08
293, 20년 전 IT 버블에서 우리는 무엇을 배웠나 ,2018.04.06
294, [기고] 국가균형발전의 새 출발 / 송재호 ,2018.04.05
295, 박상우 LH 사장 ”서민들 부담 가능한 공공분양 늘릴 것”  ,2018.04.05
296, 경제 선진국 한국이 ‘복지 후진국’인 이유는 ,2018.04.04
297, [김지석 칼럼] 핵·평화 복식부기와 ‘뒤늦은 후회’ ,2018.04.04
298," 전남 지방의회·사회단체, 신안 흑산 공항 서둘러야 한다 ",2018.04.04
299," [김지석의 화·들·짝] 노무현의 담론, 문재인의 성취 ",2018.04.03
300, 문재인 개헌안 권력구조는 ‘4년 1차 연임제’ ,2018.04.01
301, 3월 31일 인사 ,2018.03.30
302, 행안부·과기정통부 세종 이전 확정 ,2018.03.28
303," 이재명 출마선언, 민주당 경기지사 경선 본격화 ",2018.03.27
304," 이재명, 경기지사 출마선언…“보수 16년 집권 끝내겠다” ",2018.03.27
305," 종신집권 여는 혁명가의 아들, 시진핑 60년 탐구생활 ",2018.03.24
306, 세종시로 국회·청와대 이전되나 ,2018.03.24
307, 토지공개념이 도입되면 정말 사유재산제가 무너질까요? ,2018.03.23
308, 경북도교육감 선거 사상 첫 진보 후보 출마 ,2018.03.22
309," ‘토지공개념’ 헌법 명시, 투기 막는다 ",2018.03.21
310, “지방소멸은 국가소멸” 판단…지방분권국가 지향 분명히 ,2018.03.21
311," 35년 된 고양시청, 선거 때 되니 신축계획? ",2018.03.21
312, 개헌안에 ‘수도 조항’…국회·청와대 ‘세종 이전’ 걸림돌 제거 ,2018.03.21
313, 경제민주화에 ‘상생’ 추가…갑질·양극화 개선 의지  ,2018.03.21
314," 문 대통령 “남북·북미회담, 남북미 정상회담 이어질 수도” ",2018.03.21
315," “노동존중사회, 격차·차별 해소하는 균형성장 이뤄야” ",2018.03.20
316, [전문] 헌법 전문·기본권·국민주권 강화 관련 헌법개정안 발표 ,2018.03.20
317, 여성 고위직 비율 대폭 끌어올린다 ,2018.03.20
318, ‘잃어버린 10년’ 남북축구 끈 지켜낸 ‘외곬 사업가’ ,2018.03.17
319, ‘4강 특사외교’ 1주일 마무리…한반도 봄맞이 준비 성큼 ,2018.03.15
320, 옛 대동시장 기업센터 된다 ,2018.03.15
321, [세상 읽기] ‘중재인’ 문 대통령의 대담한 승부 / 박종현 ,2018.03.13
322, 경남 기초선거구 획정안에 정당별 제각각 목소리 ,2018.03.13
323, 국가균형발전위 복원…균형발전예산 편성 의무화 ,2018.03.13
324," 시민들, 지방분권 개헌에 찬성하지만… ",2018.03.13
325, 박원순-박영선-우상호…민주 서울시장 경선 ‘3파전’ ,2018.03.11
326," 우상호, 서울시장 출마선언…“아침이 설레는 서울 만들겠다” ",2018.03.11
327, 세종시 국가균형발전 상징공원 준공 ,2018.03.11
328," 성동조선 법정관리로…정부, 통영·군산에 2400억 유동성 지원 ",2018.03.08
329, 아카데미 여우주연상 배우가 “포용 특약” 외친 이유는? ,2018.03.06
330," 청주시장 선거 단일화 변수…관료, 의회 수장까지 ",2018.03.05
331," 중국, 올해 경제성장률 약6.5% 제시…국방비 늘려 ‘군사굴기’ ",2018.03.05
332, ‘암 억제’하는 미생물도 사람 피부에 산다 ,2018.03.02
333, 민주당 후보들 대구 출마 러시…김부겸은 불출마로 기울어  ,2018.02.28
334," “초저출산, 만혼·비혼 탓 아니라 삶의 질 악화 때문” ",2018.02.28
335, 은수미 청와대 비서관 사표 제출…성남시장 출마 고심 ,2018.02.28
336, “공공성·사회적책임 담은 ‘좋은 일자리’ 창출하려면 사회적 대화 필수” ,2018.02.28
337," 해경, 인천 재이전 두고 내부 반발 ",2018.02.28
338, 시민운동의 성장과 사회혁신 ,2018.02.28
339, “왜 소년들은 방아쇠를 당기는가?” ,2018.02.27
340," “문 대통령, 개헌안 한꺼번에 다 담으려 하지 말라고 당부” ",2018.02.27
341, 신기술 규제 풀려다…정부 권한만 키울라 ,2018.02.26
342, ‘시진핑 제국’ 시동…마오 시대로 퇴행? 강한 중국 만들기? ,2018.02.26
343," 세종시, 헌법학회와 행정수도 지위 확보 협약 ",2018.02.26
344, 홍준표 “지방분권 개헌은 연방제 통일 목적” 궤변 ,2018.02.25
345, 지방자치 20여년…자치입법·재정·행정권 주자 ,2018.02.21
346," 청와대 “군산, 고용위기지역 지정 긴급절차” ",2018.02.20
347, 청와대 “군산 ‘고용위기지역’ 지정 긴급절차 밟기로” ,2018.02.20
348, 집게팔로 친구 돕는 로봇 ,2018.02.14
349, “청년들 모험적 창업 적극 뒷받침” ,2018.02.12
350, 협동조합이 협동조합 다워야하는 이유는? ,2018.02.09
351," 이재오, 다시 홍준표 품으로…12일 한국당 입당 ",2018.02.09
352, [단독]김상곤 부총리 “국공립대 통합 네트워크 임기 내 꼭 추진” ,2018.02.07
353, 경제·인문사회연구회 이사장 성경륭 교수 내정 ,2018.02.06
354," 중국, ICBM 우주구간 요격 MD실험 성공…사드 염두에 뒀나 ",2018.02.06
355, 매향리 사격장·동두천 캐슬 주택단지로 변신 ,2018.02.06
356, ‘강호축’ 의제로 국가 균형 발전 견인 ,2018.02.05
357, 민주당·정의당 후보 나란히 경북도지사 출마 선언 ,2018.02.05
358, 인구 블랙홀 세종시를 어찌할 것인가 ,2018.02.02
359, 다시 수도권으로 인구 몰린다 ,2018.02.02
360, 문 대통령 “지방분권 중심 개헌하면 여야 부딪힐 이유 없어” ,2018.02.01
361, “지역 혁신 사례 정부 지원하면 균형발전 성공” ,2018.02.01
362," “평창올림픽, 평화로 기억될 것” ",2018.01.31
363, 전남 민주진보교육감 후보들 공약 ‘눈에 띄네’ ,2018.01.30
364, 이제 ‘강남 집값’은 신경 끄는 게 좋다 ,2018.01.30
365, 동물과 함께하는 어린이 ‘솔이’의 하루  ,2018.01.25
366, 충청권 민·관·정 “행정수도 개헌” 한목소리 ,2018.01.25
367, 김부겸 “세종시 행정수도 이전 지방선거때 국민투표 해야” ,2018.01.25
368, “행정수도 세종시 개헌돼야 균형 발전 완성된다” ,2018.01.25
369, 제4차 산업혁명시대와 도시 ,2018.01.24
370," 인천지역사회, ‘항공정비산업 육성’에 한목소리 ",2018.01.23
371, 경기북부 주민들 “경기북부를 평화자치도로” ,2018.01.23
372, “최저임금 인상 연착륙 위해 현금지원 내년에도 하겠다” ,2018.01.23
373," 공인인증서 없애고, 드론·자율주행차 규제 확 푼다 ",2018.01.22
374, 청와대 참모 10여명 지방선거 출마 채비 ,2018.01.21
375, “북 점검단 강릉 방문을 환영합니다” ,2018.01.21
376, 경기북부 핵심도로 2곳 19㎞ 4월 개통 ,2018.01.18
377, 공직사회에도 일과 삶의 균형 ‘워라밸’ 도입한다 ,2018.01.16
378," 지방분권 개헌 국민운동 시작…충북·강원, 1천만명 서명 돌입 ",2018.01.15
379, “안기부도 ‘작가·연출자 사상검증 문제없다’ 했으나…” ,2018.01.14
380, 중국 작년 경제성장 6년만에 반등…“6.9% 성장” ,2018.01.12
381," 세종시, 수도를 꿈꾸다 ",2018.01.11
382, 2035년 인천시 인구 318만명…서구 인구 급증  ,2018.01.11
383," 서울시 행정1,2부시장 윤준병·김준기 ",2018.01.11
384, 대통령이 질문자 직접 선택…발언권 얻으려 인형까지 등장 ,2018.01.10
385," 문 대통령, “지방정부 충분한 역량 갖추고 있다” ",2018.01.10
386," 문 대통령 “최저임금 인상, 정착되면 경제 살아” 정면돌파 ",2018.01.10
387, 남경필·김세연…“알곡 빠진” 바른정당-국민의당 통합 ,2018.01.09
388," [김지석의 화·들·짝] 시대는 어떻게 바뀌는가(상), 냉전 ",2018.01.09
389, 4전 4승 오제세 출마…7전 7승 이시종 충북지사 ‘빅뱅’ ,2018.01.09
390, 코스닥 문턱 대폭 낮추고 3천억 펀드 조성  ,2018.01.09
391, [지역이 중앙에게] 농촌 ‘소개령’을 거두라! / 황민호 ,2018.01.08
392, ‘한-미FTA 개정협상’ 지휘 김현종 “나쁜 협상보다 결렬이 낫다” ,2018.01.08
393, 5차 국토종합계획에 ‘안전’ 국토 정책 담긴다 ,2018.01.08
394, “드라마 때문에 청와대 비상대책회의를 소집하다니…” ,2018.01.07
395, 세종 시민단체들 “헌법에 ‘세종시=행정수도’ 명문화하자” ,2018.01.04
396," [박노자의 한국, 안과 밖] 한국, 폴리페서들의 천국 ",2018.01.02
397," [왜냐면] 농민 헌법, 기본소득 농업법을 만들자 / 정기석 ",2018.01.01
